{
  "version": "1.1",
  "created_at": "2026-02-07T20:11:21.195075Z",
  "video": {
    "width": 2160,
    "height": 3840,
    "fps": 60.111517790642154,
    "frame_index": 6896
  },
  "roi_order": [
    "sol1",
    "sol2",
    "sol3",
    "sol4",
    "mix1",
    "mix2",
    "mix3",
    "mix4",
    "sag1",
    "sag2",
    "sag3",
    "sag4"
  ],
  "rois": {
    "sol1": {
      "x": 0.18888888888888888,
      "y": 0.27291666666666664,
      "w": 0.040740740740740744,
      "h": 0.027083333333333348
    },
    "sol2": {
      "x": 0.18518518518518517,
      "y": 0.44166666666666665,
      "w": 0.04814814814814816,
      "h": 0.027083333333333348
    },
    "sol3": {
      "x": 0.18888888888888888,
      "y": 0.5979166666666667,
      "w": 0.033333333333333326,
      "h": 0.029166666666666674
    },
    "sol4": {
      "x": 0.18518518518518517,
      "y": 0.7583333333333333,
      "w": 0.05185185185185187,
      "h": 0.033333333333333326
    },
    "mix1": {
      "x": 0.4777777777777778,
      "y": 0.2791666666666667,
      "w": 0.025925925925925852,
      "h": 0.020833333333333315
    },
    "mix2": {
      "x": 0.4777777777777778,
      "y": 0.4375,
      "w": 0.04444444444444445,
      "h": 0.02291666666666664
    },
    "mix3": {
      "x": 0.4777777777777778,
      "y": 0.59375,
      "w": 0.05185185185185187,
      "h": 0.03541666666666665
    },
    "mix4": {
      "x": 0.4703703703703704,
      "y": 0.75625,
      "w": 0.05185185185185187,
      "h": 0.025000000000000022
    },
    "sag1": {
      "x": 0.7592592592592593,
      "y": 0.2708333333333333,
      "w": 0.05555555555555547,
      "h": 0.029166666666666674
    },
    "sag2": {
      "x": 0.7555555555555555,
      "y": 0.4354166666666667,
      "w": 0.033333333333333326,
      "h": 0.027083333333333348
    },
    "sag3": {
      "x": 0.7481481481481481,
      "y": 0.5979166666666667,
      "w": 0.04444444444444451,
      "h": 0.027083333333333348
    },
    "sag4": {
      "x": 0.7555555555555555,
      "y": 0.7625,
      "w": 0.04444444444444451,
      "h": 0.027083333333333348
    }
  }
}
